filename,bib_numbers,notes
_5D_0004.JPG,1129,
_5D_0007.JPG,4107;1151;1081,
_5D_0009.JPG,1153;1151;1029,
_5D_0010.JPG,1029;1022;1153,
_5D_0011.JPG,1007,
_5D_0015.JPG,1069;4015,
_5D_0017.JPG,1199,
_5D_0022.JPG,10;1152;1165;1143,
_5D_0023.JPG,1193;1192;1152,
_5D_0028.JPG,error,"OCR failed: OpenCV(5.0.0) /Users/xperience/GHA-OpenCV-Python/_work/opencv-python/opencv-python/opencv/modules/imgproc/src/resize.cpp:4217: error: (-215:Assertion failed) !ssize.empty() in function 'resize'
"
_5D_0029.JPG,none,no numeric text met the confidence/length threshold
_5D_0030.JPG,none,no numeric text met the confidence/length threshold
_5D_0035.JPG,1161;1134,
_5D_0044.JPG,1128,
_5D_0045.JPG,4128,
_5D_0046.JPG,none,no numeric text met the confidence/length threshold
_5D_0047.JPG,none,no numeric text met the confidence/length threshold
_5D_0048.JPG,none,no numeric text met the confidence/length threshold
_5D_0051.JPG,1166;4176,
_5D_0054.JPG,46;1154,
_5D_0057.JPG,none,no numeric text met the confidence/length threshold
_5D_0058.JPG,none,no numeric text met the confidence/length threshold
_5D_0059.JPG,1071;1046,
_5D_0061.JPG,none,no numeric text met the confidence/length threshold
_5D_0062.JPG,none,no numeric text met the confidence/length threshold
_5D_0064.JPG,1054,
_5D_0066.JPG,36;1112;1098;1017,
_5D_0068.JPG,499,
_5D_0070.JPG,6092;1055,
_5D_0071.JPG,4083,
_5D_0072.JPG,1070;1198;099,
_5D_0079.JPG,1198,
_5D_0082.JPG,none,no numeric text met the confidence/length threshold
_5D_0085.JPG,1157;1074,
_5D_0090.JPG,1019,
_5D_0097.JPG,1019,
_5D_0099.JPG,none,no numeric text met the confidence/length threshold
_5D_0101.JPG,4418,
_5D_0102.JPG,none,no numeric text met the confidence/length threshold
_5D_0111.JPG,1184,
_5D_0114.JPG,1122;1104,
_5D_0118.JPG,none,no numeric text met the confidence/length threshold
_5D_0119.JPG,1052,
_5D_0120.JPG,1026,
_5D_0121.JPG,1026,
_5D_0124.JPG,1049,
_5D_0129.JPG,none,no numeric text met the confidence/length threshold
_5D_0131.JPG,4125,
_5D_0133.JPG,1125,
_5D_0134.JPG,1168,
_5D_0136.JPG,41,
_5D_0139.JPG,1159;1140,
_5D_0140.JPG,none,no numeric text met the confidence/length threshold
_5D_0146.JPG,1041;4113,
_5D_0147.JPG,1041,
_5D_0148.JPG,1018,
_5D_0151.JPG,1018,
_5D_0152.JPG,none,no numeric text met the confidence/length threshold
_5D_0153.JPG,4488,
_5D_0154.JPG,1060;4081;1188,
_5D_0156.JPG,060,
_5D_0158.JPG,none,no numeric text met the confidence/length threshold
_5D_0161.JPG,1081,
_5D_0162.JPG,1081,
_5D_0165.JPG,1081,
_5D_0166.JPG,1081,
_5D_0167.JPG,none,no numeric text met the confidence/length threshold
_5D_0168.JPG,none,no numeric text met the confidence/length threshold
_5D_0170.JPG,1044,
_5D_0171.JPG,1044,
_5D_0173.JPG,4114,
_5D_0174.JPG,1078,
_5D_0177.JPG,1030,
_5D_0179.JPG,none,no numeric text met the confidence/length threshold
_5D_0180.JPG,1901;1047,
_5D_0181.JPG,1047;091,
_5D_0182.JPG,none,no numeric text met the confidence/length threshold
_5D_0184.JPG,4091,
_5D_0185.JPG,none,no numeric text met the confidence/length threshold
_5D_0187.JPG,4022;4137,
_5D_0189.JPG,none,no numeric text met the confidence/length threshold
_5D_0191.JPG,1181;106;1007,
_5D_0194.JPG,1185,
_5D_0195.JPG,1029;44012,
_5D_0198.JPG,1138,
_5D_0200.JPG,4013,
_5D_0206.JPG,1478,
_5D_0207.JPG,none,no numeric text met the confidence/length threshold
_5D_0208.JPG,none,no numeric text met the confidence/length threshold
_5D_0211.JPG,1089,
_5D_0212.JPG,4124,
_5D_0213.JPG,1124,
_5D_0217.JPG,1124,
_5D_0218.JPG,1124,
_5D_0227.JPG,1085,
_5D_0228.JPG,none,no numeric text met the confidence/length threshold
_5D_0229.JPG,1010,
_5D_0230.JPG,none,no numeric text met the confidence/length threshold
_5D_0237.JPG,4170;1153;1151,
_5D_0238.JPG,4170;1151,
_5D_0239.JPG,none,no numeric text met the confidence/length threshold
_5D_0240.JPG,1095;4130,
_5D_0241.JPG,none,no numeric text met the confidence/length threshold
_5D_0245.JPG,4130,
_5D_0250.JPG,430,
_5D_0251.JPG,4030,
_5D_0252.JPG,none,no numeric text met the confidence/length threshold
_5D_0255.JPG,none,no numeric text met the confidence/length threshold
_5D_0256.JPG,none,no numeric text met the confidence/length threshold
_5D_0257.JPG,none,no numeric text met the confidence/length threshold
_5D_0261.JPG,none,no numeric text met the confidence/length threshold
_5D_0263.JPG,none,no numeric text met the confidence/length threshold
_5D_0264.JPG,1189;1103;1057,
_5D_0266.JPG,1189;1165;1194;1103,
_5D_0267.JPG,1165,
_5D_0268.JPG,4103,
_5D_0270.JPG,1034;1017,
_5D_0272.JPG,1136;4017;4193,
_5D_0275.JPG,1136;1017,
_5D_0278.JPG,1492,
_5D_0280.JPG,4193,
_5D_0281.JPG,4193;4192,
_5D_0284.JPG,1027;4028,
_5D_0290.JPG,1077,
_5D_0291.JPG,1197,
_5D_0292.JPG,1197,
_5D_0293.JPG,1197,
_5D_0294.JPG,0197,
_5D_0295.JPG,4197,
_5D_0296.JPG,1197,
_5D_0298.JPG,1055,
_5D_0300.JPG,4065,
_5D_0301.JPG,1068;1161,
_5D_0309.JPG,1161,
_5D_0311.JPG,1161,
_5D_0312.JPG,1161,
_5D_0313.JPG,0182,
_5D_0314.JPG,1182,
_5D_0316.JPG,4182,
_5D_0320.JPG,none,no numeric text met the confidence/length threshold
_5D_0321.JPG,none,no numeric text met the confidence/length threshold
_5D_0322.JPG,none,no numeric text met the confidence/length threshold
_5D_0326.JPG,1099,
_5D_0331.JPG,4024,
_5D_0333.JPG,1097,
_5D_0337.JPG,4015,
_5D_0338.JPG,4015,
_5D_0339.JPG,4015,
_5D_0341.JPG,1162,
_5D_0346.JPG,none,no numeric text met the confidence/length threshold
_5D_0347.JPG,none,no numeric text met the confidence/length threshold
_5D_0348.JPG,none,no numeric text met the confidence/length threshold
_5D_0352.JPG,1156,
_5D_0354.JPG,none,no numeric text met the confidence/length threshold
_5D_0355.JPG,none,no numeric text met the confidence/length threshold
_5D_0356.JPG,none,no numeric text met the confidence/length threshold
_5D_0357.JPG,1072,
_5D_0363.JPG,1109;22,
_5D_0365.JPG,1093,
_5D_0367.JPG,1014;1093,
_5D_0369.JPG,1004,
_5D_0370.JPG,4166,
_5D_0375.JPG,013;717,
_5D_0376.JPG,47;1042;1102,
_5D_0377.JPG,1184;4188,
_5D_0379.JPG,1184;1188,
_5D_0380.JPG,1184,
_5D_0388.JPG,081;53,
_5D_0392.JPG,1171;107;1007,
_5D_0396.JPG,78,
_5D_0402.JPG,none,no numeric text met the confidence/length threshold
_5D_0405.JPG,none,no numeric text met the confidence/length threshold
_5D_0411.JPG,952,
_5D_0413.JPG,1154;1176,
_5D_0415.JPG,none,no numeric text met the confidence/length threshold
_5D_0420.JPG,none,no numeric text met the confidence/length threshold
_5D_0421.JPG,error,"OCR failed: OpenCV(5.0.0) /Users/xperience/GHA-OpenCV-Python/_work/opencv-python/opencv-python/opencv/modules/imgproc/src/resize.cpp:4217: error: (-215:Assertion failed) !ssize.empty() in function 'resize'
"
_5D_0423.JPG,none,no numeric text met the confidence/length threshold
_5D_0425.JPG,error,"OCR failed: OpenCV(5.0.0) /Users/xperience/GHA-OpenCV-Python/_work/opencv-python/opencv-python/opencv/modules/imgproc/src/resize.cpp:4217: error: (-215:Assertion failed) !ssize.empty() in function 'resize'
"
_5D_0426.JPG,error,"OCR failed: OpenCV(5.0.0) /Users/xperience/GHA-OpenCV-Python/_work/opencv-python/opencv-python/opencv/modules/imgproc/src/resize.cpp:4217: error: (-215:Assertion failed) !ssize.empty() in function 'resize'
"
_5D_0428.JPG,4139;1037,
_5D_0429.JPG,1139,
_5D_0432.JPG,1139;1037,
_5D_0434.JPG,1139,
_5D_0437.JPG,954;1113,
_5D_0439.JPG,error,"OCR failed: OpenCV(5.0.0) /Users/xperience/GHA-OpenCV-Python/_work/opencv-python/opencv-python/opencv/modules/imgproc/src/resize.cpp:4217: error: (-215:Assertion failed) !ssize.empty() in function 'resize'
"
_5D_0442.JPG,00,
_5D_0443.JPG,00,
_5D_0444.JPG,32;1176;1154,
_5D_0445.JPG,1176;1154,
_5D_0447.JPG,33;4176;1154,
_5D_0448.JPG,33;1154,
_5D_0455.JPG,71035;1105,
_5D_0458.JPG,error,"OCR failed: OpenCV(5.0.0) /Users/xperience/GHA-OpenCV-Python/_work/opencv-python/opencv-python/opencv/modules/imgproc/src/resize.cpp:4217: error: (-215:Assertion failed) !ssize.empty() in function 'resize'
"
_5D_0461.JPG,none,no numeric text met the confidence/length threshold
_5D_0465.JPG,1924,
_5D_0467.JPG,none,no numeric text met the confidence/length threshold
_5D_0468.JPG,none,no numeric text met the confidence/length threshold
_5D_0470.JPG,none,no numeric text met the confidence/length threshold
_5D_0473.JPG,none,no numeric text met the confidence/length threshold
_5D_0474.JPG,none,no numeric text met the confidence/length threshold
_5D_0475.JPG,none,no numeric text met the confidence/length threshold
_5D_0478.JPG,none,no numeric text met the confidence/length threshold
_5D_0479.JPG,none,no numeric text met the confidence/length threshold
_5D_0480.JPG,1959,
_5D_0481.JPG,1959,
_5D_0484.JPG,none,no numeric text met the confidence/length threshold
_5D_0487.JPG,none,no numeric text met the confidence/length threshold
_5D_0490.JPG,none,no numeric text met the confidence/length threshold
_5D_0492.JPG,442,
_5D_0493.JPG,442,
_5D_0494.JPG,1959,
_5D_0495.JPG,1959,
_5D_0499.JPG,none,no numeric text met the confidence/length threshold
_5D_0502.JPG,none,no numeric text met the confidence/length threshold
_5D_0504.JPG,none,no numeric text met the confidence/length threshold
_5D_0507.JPG,none,no numeric text met the confidence/length threshold
_5D_0510.JPG,1959,
_5D_0514.JPG,none,no numeric text met the confidence/length threshold
_5D_0518.JPG,none,no numeric text met the confidence/length threshold
_5D_0521.JPG,none,no numeric text met the confidence/length threshold
_5D_0526.JPG,none,no numeric text met the confidence/length threshold
_5D_0527.JPG,none,no numeric text met the confidence/length threshold
_5D_0528.JPG,none,no numeric text met the confidence/length threshold
_5D_0529.JPG,none,no numeric text met the confidence/length threshold
_5D_0535.JPG,none,no numeric text met the confidence/length threshold
_5D_0537.JPG,none,no numeric text met the confidence/length threshold
_5D_0538.JPG,none,no numeric text met the confidence/length threshold
_5D_0539.JPG,none,no numeric text met the confidence/length threshold
_5D_0540.JPG,none,no numeric text met the confidence/length threshold
_5D_0543.JPG,none,no numeric text met the confidence/length threshold
_5D_0544.JPG,none,no numeric text met the confidence/length threshold
_5D_0547.JPG,none,no numeric text met the confidence/length threshold
_5D_0550.JPG,40,
_5D_0551.JPG,1959,
_5D_0553.JPG,1959,
_5D_0554.JPG,1959,
_5D_0557.JPG,none,no numeric text met the confidence/length threshold
_5D_0558.JPG,none,no numeric text met the confidence/length threshold
_5D_0559.JPG,none,no numeric text met the confidence/length threshold
_5D_0560.JPG,none,no numeric text met the confidence/length threshold
_5D_0561.JPG,none,no numeric text met the confidence/length threshold
_5D_0562.JPG,none,no numeric text met the confidence/length threshold
_5D_0567.JPG,1959,
_5D_0575.JPG,none,no numeric text met the confidence/length threshold
_5D_0576.JPG,none,no numeric text met the confidence/length threshold
_5D_0577.JPG,none,no numeric text met the confidence/length threshold
_5D_0578.JPG,none,no numeric text met the confidence/length threshold
_5D_0584.JPG,none,no numeric text met the confidence/length threshold
_5D_0587.JPG,none,no numeric text met the confidence/length threshold
_5D_0589.JPG,none,no numeric text met the confidence/length threshold
_5D_0593.JPG,none,no numeric text met the confidence/length threshold
_5D_0594.JPG,none,no numeric text met the confidence/length threshold
_5D_0598.JPG,none,no numeric text met the confidence/length threshold
_5D_0599.JPG,none,no numeric text met the confidence/length threshold
_5D_0602.JPG,none,no numeric text met the confidence/length threshold
_5D_0604.JPG,none,no numeric text met the confidence/length threshold
_5D_0606.JPG,201,
_5D_0607.JPG,201,
_5D_0612.JPG,none,no numeric text met the confidence/length threshold
_5D_0615.JPG,none,no numeric text met the confidence/length threshold
_5D_0618.JPG,1959,
_5D_0619.JPG,01,
_5D_0621.JPG,1959,
_5D_0622.JPG,none,no numeric text met the confidence/length threshold
_5D_0623.JPG,none,no numeric text met the confidence/length threshold
_5D_0624.JPG,none,no numeric text met the confidence/length threshold
_5D_0631.JPG,none,no numeric text met the confidence/length threshold
_5D_0632.JPG,none,no numeric text met the confidence/length threshold
_5D_0633.JPG,none,no numeric text met the confidence/length threshold
_5D_0634.JPG,none,no numeric text met the confidence/length threshold
_5D_0638.JPG,none,no numeric text met the confidence/length threshold
_5D_0640.JPG,none,no numeric text met the confidence/length threshold
_5D_0641.JPG,none,no numeric text met the confidence/length threshold
_5D_0644.JPG,none,no numeric text met the confidence/length threshold
_5D_0648.JPG,none,no numeric text met the confidence/length threshold
_5D_0649.JPG,none,no numeric text met the confidence/length threshold
_5D_0650.JPG,none,no numeric text met the confidence/length threshold
_5D_0652.JPG,none,no numeric text met the confidence/length threshold
_5D_0655.JPG,none,no numeric text met the confidence/length threshold
_5D_0657.JPG,none,no numeric text met the confidence/length threshold
_5D_0659.JPG,none,no numeric text met the confidence/length threshold
_5D_0661.JPG,none,no numeric text met the confidence/length threshold
_5D_0665.JPG,none,no numeric text met the confidence/length threshold
_5D_0666.JPG,none,no numeric text met the confidence/length threshold
_5D_0668.JPG,none,no numeric text met the confidence/length threshold
_5D_0669.JPG,none,no numeric text met the confidence/length threshold
_5D_0674.JPG,none,no numeric text met the confidence/length threshold
_5D_0678.JPG,none,no numeric text met the confidence/length threshold
_5D_0679.JPG,none,no numeric text met the confidence/length threshold
_5D_0684.JPG,none,no numeric text met the confidence/length threshold
_5D_0685.JPG,none,no numeric text met the confidence/length threshold
_5D_0686.JPG,none,no numeric text met the confidence/length threshold
_5D_0688.JPG,none,no numeric text met the confidence/length threshold
_5D_0692.JPG,31,
_5D_0693.JPG,31,
_5D_0694.JPG,19400;31,
_5D_0695.JPG,none,no numeric text met the confidence/length threshold
_5D_0696.JPG,013,
_5D_0697.JPG,014,
_5D_0698.JPG,none,no numeric text met the confidence/length threshold
_5D_0700.JPG,none,no numeric text met the confidence/length threshold
_5D_0706.JPG,1959,
_5D_0711.JPG,none,no numeric text met the confidence/length threshold
_5D_0712.JPG,none,no numeric text met the confidence/length threshold
_5D_0713.JPG,error,"OCR failed: OpenCV(5.0.0) /Users/xperience/GHA-OpenCV-Python/_work/opencv-python/opencv-python/opencv/modules/imgproc/src/resize.cpp:4217: error: (-215:Assertion failed) !ssize.empty() in function 'resize'
"
_5D_0714.JPG,error,"OCR failed: OpenCV(5.0.0) /Users/xperience/GHA-OpenCV-Python/_work/opencv-python/opencv-python/opencv/modules/imgproc/src/resize.cpp:4217: error: (-215:Assertion failed) !ssize.empty() in function 'resize'
"
_5D_0716.JPG,error,"OCR failed: OpenCV(5.0.0) /Users/xperience/GHA-OpenCV-Python/_work/opencv-python/opencv-python/opencv/modules/imgproc/src/resize.cpp:4217: error: (-215:Assertion failed) !ssize.empty() in function 'resize'
"
_5D_0722.JPG,error,"OCR failed: OpenCV(5.0.0) /Users/xperience/GHA-OpenCV-Python/_work/opencv-python/opencv-python/opencv/modules/imgproc/src/resize.cpp:4217: error: (-215:Assertion failed) !ssize.empty() in function 'resize'
"
_5D_0724.JPG,none,no numeric text met the confidence/length threshold
_5D_0728.JPG,none,no numeric text met the confidence/length threshold
_5D_0734.JPG,none,no numeric text met the confidence/length threshold
_5D_0743.JPG,033,
_5D_0746.JPG,none,no numeric text met the confidence/length threshold
_5D_0759.JPG,none,no numeric text met the confidence/length threshold
_5D_0761.JPG,none,no numeric text met the confidence/length threshold
_5D_0763.JPG,none,no numeric text met the confidence/length threshold
_5D_0764.JPG,none,no numeric text met the confidence/length threshold
_5D_0771.JPG,none,no numeric text met the confidence/length threshold
_5D_0776.JPG,55,
_5D_0778.JPG,none,no numeric text met the confidence/length threshold
_5D_0780.JPG,none,no numeric text met the confidence/length threshold
_5D_0781.JPG,none,no numeric text met the confidence/length threshold
_5D_0782.JPG,error,"OCR failed: OpenCV(5.0.0) /Users/xperience/GHA-OpenCV-Python/_work/opencv-python/opencv-python/opencv/modules/imgproc/src/resize.cpp:4217: error: (-215:Assertion failed) !ssize.empty() in function 'resize'
"
_5D_0784.JPG,error,"OCR failed: OpenCV(5.0.0) /Users/xperience/GHA-OpenCV-Python/_work/opencv-python/opencv-python/opencv/modules/imgproc/src/resize.cpp:4217: error: (-215:Assertion failed) !ssize.empty() in function 'resize'
"
_5D_0787.JPG,none,no numeric text met the confidence/length threshold
_5D_0788.JPG,none,no numeric text met the confidence/length threshold
_5D_0795.JPG,none,no numeric text met the confidence/length threshold
_5D_0796.JPG,none,no numeric text met the confidence/length threshold
_5D_0797.JPG,none,no numeric text met the confidence/length threshold
_5D_0798.JPG,none,no numeric text met the confidence/length threshold
_5D_0800.JPG,57;616,
_5D_0804.JPG,none,no numeric text met the confidence/length threshold
_5D_0809.JPG,none,no numeric text met the confidence/length threshold
_5D_0811.JPG,none,no numeric text met the confidence/length threshold
_5D_0812.JPG,none,no numeric text met the confidence/length threshold
_5D_0813.JPG,none,no numeric text met the confidence/length threshold
_5D_0816.JPG,none,no numeric text met the confidence/length threshold
_5D_0817.JPG,none,no numeric text met the confidence/length threshold
_5D_0819.JPG,none,no numeric text met the confidence/length threshold
_5D_0821.JPG,608,
_5D_0823.JPG,none,no numeric text met the confidence/length threshold
_5D_0824.JPG,806,
_5D_0825.JPG,606,
_5D_0827.JPG,none,no numeric text met the confidence/length threshold
_5D_0832.JPG,606,
_5D_0834.JPG,none,no numeric text met the confidence/length threshold
_5D_0836.JPG,none,no numeric text met the confidence/length threshold
_5D_0840.JPG,none,no numeric text met the confidence/length threshold
_5D_0842.JPG,852,
_5D_0844.JPG,1959,
_5D_0846.JPG,none,no numeric text met the confidence/length threshold
_5D_0847.JPG,none,no numeric text met the confidence/length threshold
_5D_0850.JPG,852,
_5D_0852.JPG,none,no numeric text met the confidence/length threshold
_5D_0855.JPG,none,no numeric text met the confidence/length threshold
_5D_0857.JPG,none,no numeric text met the confidence/length threshold
_5D_0862.JPG,none,no numeric text met the confidence/length threshold
_5D_0864.JPG,852,
_5D_0867.JPG,none,no numeric text met the confidence/length threshold
_5D_0870.JPG,852,
_5D_0872.JPG,none,no numeric text met the confidence/length threshold
_5D_0874.JPG,none,no numeric text met the confidence/length threshold
_5D_0876.JPG,none,no numeric text met the confidence/length threshold
_5D_0877.JPG,none,no numeric text met the confidence/length threshold
_5D_0879.JPG,none,no numeric text met the confidence/length threshold
_5D_0883.JPG,none,no numeric text met the confidence/length threshold
_5D_0891.JPG,none,no numeric text met the confidence/length threshold
_5D_0892.JPG,none,no numeric text met the confidence/length threshold
_5D_0893.JPG,none,no numeric text met the confidence/length threshold
_5D_0894.JPG,none,no numeric text met the confidence/length threshold
_5D_0895.JPG,none,no numeric text met the confidence/length threshold
_5D_0898.JPG,none,no numeric text met the confidence/length threshold
_5D_0902.JPG,none,no numeric text met the confidence/length threshold
_5D_0906.JPG,none,no numeric text met the confidence/length threshold
_5D_0910.JPG,none,no numeric text met the confidence/length threshold
_5D_0912.JPG,8520,
_5D_0913.JPG,7639;852,
_5D_0914.JPG,852,
_5D_0916.JPG,none,no numeric text met the confidence/length threshold
_5D_0919.JPG,none,no numeric text met the confidence/length threshold
_5D_0921.JPG,none,no numeric text met the confidence/length threshold
_5D_0923.JPG,01,
_5D_0932.JPG,none,no numeric text met the confidence/length threshold
_5D_0934.JPG,none,no numeric text met the confidence/length threshold
_5D_0935.JPG,none,no numeric text met the confidence/length threshold
_5D_0936.JPG,none,no numeric text met the confidence/length threshold
_5D_0937.JPG,none,no numeric text met the confidence/length threshold
_5D_0938.JPG,none,no numeric text met the confidence/length threshold
_5D_0941.JPG,4065,
_5D_0942.JPG,4065,
_5D_0943.JPG,4065,
_5D_0944.JPG,1065,
_5D_0949.JPG,none,no numeric text met the confidence/length threshold
_5D_0950.JPG,none,no numeric text met the confidence/length threshold
_5D_0951.JPG,none,no numeric text met the confidence/length threshold
_5D_0953.JPG,none,no numeric text met the confidence/length threshold
_5D_0955.JPG,none,no numeric text met the confidence/length threshold
_5D_0959.JPG,none,no numeric text met the confidence/length threshold
_5D_0961.JPG,none,no numeric text met the confidence/length threshold
_5D_0963.JPG,error,"OCR failed: OpenCV(5.0.0) /Users/xperience/GHA-OpenCV-Python/_work/opencv-python/opencv-python/opencv/modules/imgproc/src/resize.cpp:4217: error: (-215:Assertion failed) !ssize.empty() in function 'resize'
"
_5D_0964.JPG,error,"OCR failed: OpenCV(5.0.0) /Users/xperience/GHA-OpenCV-Python/_work/opencv-python/opencv-python/opencv/modules/imgproc/src/resize.cpp:4217: error: (-215:Assertion failed) !ssize.empty() in function 'resize'
"
_5D_0965.JPG,error,"OCR failed: OpenCV(5.0.0) /Users/xperience/GHA-OpenCV-Python/_work/opencv-python/opencv-python/opencv/modules/imgproc/src/resize.cpp:4217: error: (-215:Assertion failed) !ssize.empty() in function 'resize'
"
_5D_0966.JPG,error,"OCR failed: OpenCV(5.0.0) /Users/xperience/GHA-OpenCV-Python/_work/opencv-python/opencv-python/opencv/modules/imgproc/src/resize.cpp:4217: error: (-215:Assertion failed) !ssize.empty() in function 'resize'
"
_5D_0967.JPG,error,"OCR failed: OpenCV(5.0.0) /Users/xperience/GHA-OpenCV-Python/_work/opencv-python/opencv-python/opencv/modules/imgproc/src/resize.cpp:4217: error: (-215:Assertion failed) !ssize.empty() in function 'resize'
"
_5D_0969.JPG,error,"OCR failed: OpenCV(5.0.0) /Users/xperience/GHA-OpenCV-Python/_work/opencv-python/opencv-python/opencv/modules/imgproc/src/resize.cpp:4217: error: (-215:Assertion failed) !ssize.empty() in function 'resize'
"
_5D_0971.JPG,error,"OCR failed: OpenCV(5.0.0) /Users/xperience/GHA-OpenCV-Python/_work/opencv-python/opencv-python/opencv/modules/imgproc/src/resize.cpp:4217: error: (-215:Assertion failed) !ssize.empty() in function 'resize'
"
_5D_0974.JPG,error,"OCR failed: OpenCV(5.0.0) /Users/xperience/GHA-OpenCV-Python/_work/opencv-python/opencv-python/opencv/modules/imgproc/src/resize.cpp:4217: error: (-215:Assertion failed) !ssize.empty() in function 'resize'
"
_5D_0977.JPG,error,"OCR failed: OpenCV(5.0.0) /Users/xperience/GHA-OpenCV-Python/_work/opencv-python/opencv-python/opencv/modules/imgproc/src/resize.cpp:4217: error: (-215:Assertion failed) !ssize.empty() in function 'resize'
"
_5D_0978.JPG,error,"OCR failed: OpenCV(5.0.0) /Users/xperience/GHA-OpenCV-Python/_work/opencv-python/opencv-python/opencv/modules/imgproc/src/resize.cpp:4217: error: (-215:Assertion failed) !ssize.empty() in function 'resize'
"
_5D_0980.JPG,error,"OCR failed: OpenCV(5.0.0) /Users/xperience/GHA-OpenCV-Python/_work/opencv-python/opencv-python/opencv/modules/imgproc/src/resize.cpp:4217: error: (-215:Assertion failed) !ssize.empty() in function 'resize'
"
_5D_0982.JPG,error,"OCR failed: OpenCV(5.0.0) /Users/xperience/GHA-OpenCV-Python/_work/opencv-python/opencv-python/opencv/modules/imgproc/src/resize.cpp:4217: error: (-215:Assertion failed) !ssize.empty() in function 'resize'
"
_5D_0985.JPG,error,"OCR failed: OpenCV(5.0.0) /Users/xperience/GHA-OpenCV-Python/_work/opencv-python/opencv-python/opencv/modules/imgproc/src/resize.cpp:4217: error: (-215:Assertion failed) !ssize.empty() in function 'resize'
"
_5D_0986.JPG,error,OCR failed: cannot convert float infinity to integer
_5D_0990.JPG,error,"OCR failed: OpenCV(5.0.0) /Users/xperience/GHA-OpenCV-Python/_work/opencv-python/opencv-python/opencv/modules/imgproc/src/resize.cpp:4217: error: (-215:Assertion failed) !ssize.empty() in function 'resize'
"
_5D_0996.JPG,error,"OCR failed: OpenCV(5.0.0) /Users/xperience/GHA-OpenCV-Python/_work/opencv-python/opencv-python/opencv/modules/imgproc/src/resize.cpp:4217: error: (-215:Assertion failed) !ssize.empty() in function 'resize'
"
_5D_0997.JPG,none,no numeric text met the confidence/length threshold
_5D_0998.JPG,error,"OCR failed: OpenCV(5.0.0) /Users/xperience/GHA-OpenCV-Python/_work/opencv-python/opencv-python/opencv/modules/imgproc/src/resize.cpp:4217: error: (-215:Assertion failed) !ssize.empty() in function 'resize'
"
_5D_1002.JPG,error,"OCR failed: OpenCV(5.0.0) /Users/xperience/GHA-OpenCV-Python/_work/opencv-python/opencv-python/opencv/modules/imgproc/src/resize.cpp:4217: error: (-215:Assertion failed) !ssize.empty() in function 'resize'
"
_5D_1006.JPG,none,no numeric text met the confidence/length threshold
_5D_1007.JPG,none,no numeric text met the confidence/length threshold
_5D_1015.JPG,error,"OCR failed: OpenCV(5.0.0) /Users/xperience/GHA-OpenCV-Python/_work/opencv-python/opencv-python/opencv/modules/imgproc/src/resize.cpp:4217: error: (-215:Assertion failed) !ssize.empty() in function 'resize'
"
_5D_1018.JPG,error,"OCR failed: OpenCV(5.0.0) /Users/xperience/GHA-OpenCV-Python/_work/opencv-python/opencv-python/opencv/modules/imgproc/src/resize.cpp:4217: error: (-215:Assertion failed) !ssize.empty() in function 'resize'
"
_5D_1021.JPG,14,
_5D_1025.JPG,none,no numeric text met the confidence/length threshold
_5D_1029.JPG,error,"OCR failed: OpenCV(5.0.0) /Users/xperience/GHA-OpenCV-Python/_work/opencv-python/opencv-python/opencv/modules/imgproc/src/resize.cpp:4217: error: (-215:Assertion failed) !ssize.empty() in function 'resize'
"
_5D_1030.JPG,error,"OCR failed: OpenCV(5.0.0) /Users/xperience/GHA-OpenCV-Python/_work/opencv-python/opencv-python/opencv/modules/imgproc/src/resize.cpp:4217: error: (-215:Assertion failed) !ssize.empty() in function 'resize'
"
_5D_1034.JPG,error,"OCR failed: OpenCV(5.0.0) /Users/xperience/GHA-OpenCV-Python/_work/opencv-python/opencv-python/opencv/modules/imgproc/src/resize.cpp:4217: error: (-215:Assertion failed) !ssize.empty() in function 'resize'
"
_5D_1039.JPG,error,"OCR failed: OpenCV(5.0.0) /Users/xperience/GHA-OpenCV-Python/_work/opencv-python/opencv-python/opencv/modules/imgproc/src/resize.cpp:4217: error: (-215:Assertion failed) !ssize.empty() in function 'resize'
"
_5D_1041.JPG,error,"OCR failed: OpenCV(5.0.0) /Users/xperience/GHA-OpenCV-Python/_work/opencv-python/opencv-python/opencv/modules/imgproc/src/resize.cpp:4217: error: (-215:Assertion failed) !ssize.empty() in function 'resize'
"
_5D_1047.JPG,none,no numeric text met the confidence/length threshold
_5D_1049.JPG,none,no numeric text met the confidence/length threshold
_5D_1050.JPG,none,no numeric text met the confidence/length threshold
_5D_1056.JPG,000;57,
_5D_1057.JPG,none,no numeric text met the confidence/length threshold
_5D_1058.JPG,none,no numeric text met the confidence/length threshold
_5D_1063.JPG,none,no numeric text met the confidence/length threshold
_5D_1065.JPG,00800,
_5D_1069.JPG,none,no numeric text met the confidence/length threshold
_5D_1071.JPG,21,
_5D_1077.JPG,none,no numeric text met the confidence/length threshold
_5D_1083.JPG,none,no numeric text met the confidence/length threshold
_5D_1085.JPG,none,no numeric text met the confidence/length threshold
_5D_1089.JPG,none,no numeric text met the confidence/length threshold
_5D_1092.JPG,none,no numeric text met the confidence/length threshold
_5D_1094.JPG,none,no numeric text met the confidence/length threshold
_5D_1096.JPG,none,no numeric text met the confidence/length threshold
_5D_1097.JPG,200;53,
_5D_1104.JPG,none,no numeric text met the confidence/length threshold
_5D_1105.JPG,000,
_5D_1106.JPG,none,no numeric text met the confidence/length threshold
_5D_1107.JPG,none,no numeric text met the confidence/length threshold
_5D_1109.JPG,000,
_5D_1111.JPG,none,no numeric text met the confidence/length threshold
_5D_1116.JPG,none,no numeric text met the confidence/length threshold
_5D_1117.JPG,0000,
_5D_1119.JPG,none,no numeric text met the confidence/length threshold
_5D_1122.JPG,none,no numeric text met the confidence/length threshold
_5D_1124.JPG,none,no numeric text met the confidence/length threshold
_5D_1125.JPG,none,no numeric text met the confidence/length threshold
_5D_1126.JPG,none,no numeric text met the confidence/length threshold
_5D_1128.JPG,0088,
_5D_1130.JPG,none,no numeric text met the confidence/length threshold
_5D_1131.JPG,none,no numeric text met the confidence/length threshold
_5D_1132.JPG,none,no numeric text met the confidence/length threshold
_5D_1134.JPG,000,
_5D_1136.JPG,none,no numeric text met the confidence/length threshold
_5D_1137.JPG,00880,
_5D_1139.JPG,none,no numeric text met the confidence/length threshold
_5D_1141.JPG,71,
_5D_1143.JPG,none,no numeric text met the confidence/length threshold
_5D_1145.JPG,none,no numeric text met the confidence/length threshold
_5D_1146.JPG,00,
_5D_1147.JPG,none,no numeric text met the confidence/length threshold
_5D_1150.JPG,none,no numeric text met the confidence/length threshold
_5D_1158.JPG,none,no numeric text met the confidence/length threshold
_5D_1159.JPG,none,no numeric text met the confidence/length threshold
_5D_1162.JPG,none,no numeric text met the confidence/length threshold
_5D_1165.JPG,none,no numeric text met the confidence/length threshold
_5D_1166.JPG,none,no numeric text met the confidence/length threshold
_5D_1169.JPG,none,no numeric text met the confidence/length threshold
_5D_1173.JPG,none,no numeric text met the confidence/length threshold
_5D_1174.JPG,none,no numeric text met the confidence/length threshold
_5D_1175.JPG,none,no numeric text met the confidence/length threshold
_5D_1176.JPG,none,no numeric text met the confidence/length threshold
_5D_1177.JPG,794,
_5D_1178.JPG,none,no numeric text met the confidence/length threshold
_5D_1180.JPG,none,no numeric text met the confidence/length threshold
_5D_1183.JPG,none,no numeric text met the confidence/length threshold
_5D_1184.JPG,84;216,
_5D_1185.JPG,none,no numeric text met the confidence/length threshold
_5D_1186.JPG,none,no numeric text met the confidence/length threshold
_5D_1187.JPG,70,
_5D_1189.JPG,none,no numeric text met the confidence/length threshold
_5D_1190.JPG,none,no numeric text met the confidence/length threshold
_5D_1194.JPG,00000,
_5D_1199.JPG,none,no numeric text met the confidence/length threshold
_5D_1201.JPG,none,no numeric text met the confidence/length threshold
_5D_1206.JPG,none,no numeric text met the confidence/length threshold
_5D_1210.JPG,none,no numeric text met the confidence/length threshold
_5D_1211.JPG,none,no numeric text met the confidence/length threshold
_5D_1212.JPG,none,no numeric text met the confidence/length threshold
_5D_1213.JPG,none,no numeric text met the confidence/length threshold
_5D_1214.JPG,none,no numeric text met the confidence/length threshold
_5D_1216.JPG,none,no numeric text met the confidence/length threshold
_5D_1218.JPG,05,
_5D_1223.JPG,none,no numeric text met the confidence/length threshold
_5D_1230.JPG,none,no numeric text met the confidence/length threshold
_5D_1231.JPG,none,no numeric text met the confidence/length threshold
_5D_1233.JPG,05,
_5D_1235.JPG,none,no numeric text met the confidence/length threshold
_5D_1238.JPG,none,no numeric text met the confidence/length threshold
_5D_1239.JPG,none,no numeric text met the confidence/length threshold
_5D_1240.JPG,none,no numeric text met the confidence/length threshold
_5D_1241.JPG,70000,
_5D_1243.JPG,none,no numeric text met the confidence/length threshold
_5D_1244.JPG,none,no numeric text met the confidence/length threshold
_5D_1245.JPG,none,no numeric text met the confidence/length threshold
_5D_1251.JPG,02,
_5D_1256.JPG,23,
_5D_1257.JPG,none,no numeric text met the confidence/length threshold
_5D_1258.JPG,none,no numeric text met the confidence/length threshold
_5D_1263.JPG,none,no numeric text met the confidence/length threshold
_5D_1264.JPG,none,no numeric text met the confidence/length threshold
_5D_1267.JPG,none,no numeric text met the confidence/length threshold
_5D_1268.JPG,none,no numeric text met the confidence/length threshold
_5D_1269.JPG,none,no numeric text met the confidence/length threshold
_5D_1270.JPG,none,no numeric text met the confidence/length threshold
_5D_1272.JPG,62,
_5D_1276.JPG,none,no numeric text met the confidence/length threshold
_5D_1277.JPG,70,
_5D_1280.JPG,none,no numeric text met the confidence/length threshold
_5D_1281.JPG,none,no numeric text met the confidence/length threshold
_5D_1285.JPG,none,no numeric text met the confidence/length threshold
_5D_1287.JPG,none,no numeric text met the confidence/length threshold
_5D_1289.JPG,none,no numeric text met the confidence/length threshold
_5D_1291.JPG,none,no numeric text met the confidence/length threshold
_5D_1293.JPG,none,no numeric text met the confidence/length threshold
_5D_1295.JPG,none,no numeric text met the confidence/length threshold
_5D_1297.JPG,none,no numeric text met the confidence/length threshold
_5D_1298.JPG,none,no numeric text met the confidence/length threshold
_5D_1300.JPG,none,no numeric text met the confidence/length threshold
_5D_1302.JPG,none,no numeric text met the confidence/length threshold
_5D_1303.JPG,none,no numeric text met the confidence/length threshold
_5D_1306.JPG,none,no numeric text met the confidence/length threshold
_5D_1307.JPG,none,no numeric text met the confidence/length threshold
_5D_1310.JPG,none,no numeric text met the confidence/length threshold
_5D_1311.JPG,none,no numeric text met the confidence/length threshold
_5D_1313.JPG,26,
_5D_1315.JPG,none,no numeric text met the confidence/length threshold
_5D_1316.JPG,71,
_5D_1317.JPG,none,no numeric text met the confidence/length threshold
_5D_1319.JPG,none,no numeric text met the confidence/length threshold
_5D_1320.JPG,none,no numeric text met the confidence/length threshold
_5D_1323.JPG,0008,
_5D_1329.JPG,000,
_5D_1330.JPG,none,no numeric text met the confidence/length threshold
_5D_1332.JPG,none,no numeric text met the confidence/length threshold
_5D_1335.JPG,200;14216,
_5D_1336.JPG,70,
_5D_1338.JPG,none,no numeric text met the confidence/length threshold
_5D_1341.JPG,none,no numeric text met the confidence/length threshold
_5D_1346.JPG,7000,
_5D_1350.JPG,02,
_5D_1354.JPG,none,no numeric text met the confidence/length threshold
_5D_1356.JPG,none,no numeric text met the confidence/length threshold
